{
  "powers": {
    "SuperAdmin": {
      "powerEnum": 0,
      "powerApi": [
        "DeleteInterface",
        "AddInterface",
        "EditInterface",
        "GetInterface",
        "AddLanguage",
        "EditLanguage",
        "DeleteLanguage",
        "DeleteLicense",
        "DeleteRoomType",
        "AddNewRoomType",
        "EditRoomType",
        "AddLicense",
        "EditLicense",
        "GetAllLicense",
        "AddNewBusiness",
        "DeleteBusiness",
        "addPowersApiToBusiness",
        "addPowersApiToRoleInBusiness",
        "GetInterfaceTranslation",
        "EditItemToBusinessForAdmin"
      ]
    },
    "None logged": {
      "powerEnum": 1,
      "powerApi": [
        "GetLanguage",
        "GetAllLanguages",
        "GetAllInterfacesInLanguage"
      ]
    },
    "Base": {
      "powerEnum": 2,
      "powerApi": [
        "GetFloorWithTime",
        "GetRoomType",
        "GetAllRoom",
        "GetAllRoomType",
        "GetAllFloorForFloor",
        "GetAllRoomsForFloor",
        "GetFloor",
        "GetAllFloor",
        "GetLicense",
        "CheckPasswordForRoom",
        "GetUser",
        "GetRolesByBusiness",
        "GetAllPowersApp",
        "GetUserPowersApp",
        "GetPowerApiByBusiness",
        "GetAllPowersApi",
        "GetPowerAppByBusiness",
        "GetAllUserFromBusiness",
        "GetRoom",
        "EditUserSettings",
        "GetUserSettings",
        "DeleteUserAvatar",
        "resetUserPassword",
        "EditUserPassword",
        "EditUserAvatar",
        "CloseRoom",
        "MutedAndCamDisallowed",
        "GetLicenseForBusiness",
        "GenerateAndSendLink",
        "EditUserSettingsAfterLoginEnum",
        "GetMessages",
        "AddMessage",
        "DeleteMessage",
        "buyItem",
        "selectItemFromUser",
        "getBusinessItem",
        "getBusinessItemPagin",
        "getUserItems",
        "getUserSelectedItems",
        "userItemEdit",
        "userItemsEdit",
        "SendEmail"
      ]
    },
    "MapEdit": {
      "powerEnum": 3,
      "powerApi": [
        "AddUserToRoom",
        "AddUsersToRoom",
        "EditUserInRoom",
        "DeleteUserFromRoom",
        "DeleteRoom",
        "AddNewRoom",
        "EditRoom",
        "AddNewFloor",
        "DeleteFloor",
        "EditFloor"
      ]
    },
    "EditUsers": {
      "powerEnum": 4,
      "powerApi": [
        "EditUserAvatar",
        "EditUser",
        "AddNewUser",
        "AddNewUsers",
        "DeleteUser",
        "AddNewUserToBusiness",
        "DeleteUserFormBusiness",
        "EditUserAvatarInBusiness"
      ]
    },
    "EditRoles": {
      "powerEnum": 5,
      "powerApi": [
        "AddNewRole",
        "AddPowersAppToRoleInBusiness",
        "DeleteRole",
        "EditRole"
      ]
    },
    "EditBusinessSettings": {
      "powerEnum": 6,
      "powerApi": ["EditBusiness"]
    },
    "EditHRPointsAndItems": {
      "powerEnum": 7,
      "powerApi": [
        "EditItemToBusiness",
        "EditItemsToBusiness",
        "addHrPoints",
        "AddItemToUser",
        "DeleteBusinessItemFromUser"
      ]
    }
  }
}
