{
  "openapi": "3.0.0",
  "info": {
    "title": "CallLab API",
    "version": "1.0.0"
  },
  "components": {
    "securitySchemes": {
      "bearerAuth": {
        "type": "http",
        "scheme": "bearer",
        "bearerFormat": "JWT"
      }
    }
  },
  "security": [
    {
      "bearerAuth": []
    }
  ],
  "tags": [
    "tak",
    "authorization",
    "user",
    "business",
    "role",
    "powersApi",
    "powersApp",
    "floor",
    "room",
    "roomTypes",
    "userSettings"
  ],
  "paths": {
    "/login": {
      "post": {
        "tags": ["authorization"],
        "description": "Login Email-password.",
        "summary": "Login Email-password.",
        "requestBody": {
          "content": {
            "application/json": {
              "schema": {
                "$ref": "#/definitions/UserAuthentication"
              }
            }
          }
        },
        "responses": {
          "200": {
            "description": "Ok"
          },
          "401": {
            "description": "Incorrect Login or Password"
          }
        }
      }
    },
    "/token": {
      "post": {
        "tags": ["authorization"],
        "description": "Generate new AccessToken",
        "summary": "Generate new AccessToken",
        "requestBody": {
          "content": {
            "application/json": {
              "schema": {
                "$ref": "#/definitions/RefreshToken"
              }
            }
          }
        },
        "responses": {
          "200": {
            "description": "Ok"
          },
          "401": {
            "description": "Incorrect refresh token"
          }
        }
      }
    },
    "/token/reject": {
      "post": {
        "tags": ["authorization"],
        "description": "Reject RefreshToken",
        "summary": "Reject RefreshToken",
        "requestBody": {
          "content": {
            "application/json": {
              "schema": {
                "$ref": "#/definitions/RefreshToken"
              }
            }
          }
        },
        "responses": {
          "200": {
            "description": "Ok"
          },
          "401": {
            "description": "Incorrect refresh token"
          }
        }
      }
    },
    "/private/business/user/select": {
      "post": {
        "tags": ["business"],
        "description": "Select user business.",
        "summary": "Select user business.",
        "requestBody": {
          "content": {
            "application/json": {
              "schema": {
                "$ref": "#/definitions/SelectBusiness"
              }
            }
          }
        },
        "responses": {
          "200": {
            "description": "Ok"
          }
        }
      }
    },
    "/private/business": {
      "post": {
        "tags": ["business"],
        "description": "Add new business.",
        "summary": "Add new business.",
        "requestBody": {
          "content": {
            "application/json": {
              "schema": {
                "$ref": "#/definitions/AddBusiness"
              }
            }
          }
        },
        "responses": {
          "200": {
            "description": "Ok"
          }
        }
      }
    },
    "/private/business/user/new": {
      "post": {
        "tags": ["business"],
        "description": "Add new user to business.",
        "summary": "Add new user to business.",
        "requestBody": {
          "content": {
            "application/json": {
              "schema": {
                "$ref": "#/definitions/AddUserToBusiness"
              }
            }
          }
        },
        "responses": {
          "200": {
            "description": "Ok"
          }
        }
      }
    },
    "/private/users/business/{businessId}": {
      "get": {
        "tags": ["business"],
        "description": "Get all users in business.",
        "summary": "Get all users in business.",
        "parameters": [
          {
            "in": "path",
            "name": "businessId",
            "schema": {
              "type": "integer"
            }
          }
        ],
        "responses": {
          "200": {
            "description": "Ok"
          }
        }
      }
    },
    "/private/business/{businessId}/user/{id}": {
      "delete": {
        "tags": ["business"],
        "description": "Delete user form business.",
        "summary": "Delete user forom business.",
        "parameters": [
          {
            "in": "path",
            "name": "id",
            "schema": {
              "type": "integer"
            }
          },
          {
            "in": "path",
            "name": "businessId",
            "schema": {
              "type": "integer"
            }
          }
        ],
        "responses": {
          "200": {
            "description": "Ok"
          },
          "401": {
            "description": "Incorrect user ID"
          }
        }
      }
    },
    "/private/business/{businessId}": {
      "delete": {
        "tags": ["business"],
        "description": "Delete business.",
        "summary": "Delete business.",
        "parameters": [
          {
            "in": "path",
            "name": "businessId",
            "schema": {
              "type": "integer"
            }
          }
        ],
        "responses": {
          "200": {
            "description": "Ok"
          },
          "401": {
            "description": "Incorrect user ID"
          }
        }
      },
      "post": {
        "tags": ["business"],
        "description": "Edit business.",
        "summary": "Edit business.",
        "parameters": [
          {
            "in": "path",
            "name": "businessId",
            "schema": {
              "type": "integer"
            }
          }
        ],
        "requestBody": {
          "content": {
            "application/json": {
              "schema": {
                "$ref": "#/definitions/EditBusiness"
              }
            }
          }
        },
        "responses": {
          "200": {
            "description": "Ok"
          }
        }
      }
    },
    "/private/floor/{floorId}": {
      "delete": {
        "tags": ["floor"],
        "description": "Delete floor.",
        "summary": "Delete floor.",
        "parameters": [
          {
            "in": "path",
            "name": "floorId",
            "schema": {
              "type": "integer"
            }
          }
        ],
        "responses": {
          "200": {
            "description": "Ok"
          },
          "401": {
            "description": "Incorrect user ID"
          }
        }
      },
      "post": {
        "tags": ["floor"],
        "description": "Edit Floor",
        "summary": "Edit Floor",
        "parameters": [
          {
            "in": "path",
            "name": "floorId",
            "schema": {
              "type": "integer"
            }
          }
        ],
        "requestBody": {
          "content": {
            "application/json": {
              "schema": {
                "$ref": "#/definitions/EditFloor"
              }
            }
          }
        },
        "responses": {
          "200": {
            "description": "Ok"
          },
          "401": {
            "description": "Incorrect refresh token"
          }
        }
      },
      "get": {
        "tags": ["floor"],
        "description": "Get Floor.",
        "summary": "Get Floor.",
        "parameters": [
          {
            "in": "path",
            "name": "floorId",
            "schema": {
              "type": "integer"
            }
          }
        ],
        "responses": {
          "200": {
            "description": "Ok"
          }
        }
      }
    },
    "/private/floor/new": {
      "post": {
        "tags": ["floor"],
        "description": "Create Floor",
        "summary": "Create Floor",
        "requestBody": {
          "content": {
            "application/json": {
              "schema": {
                "$ref": "#/definitions/NewFloor"
              }
            }
          }
        },
        "responses": {
          "200": {
            "description": "Ok"
          },
          "401": {
            "description": "Incorrect refresh token"
          }
        }
      }
    },
    "/private/floor/business/{businessId}": {
      "get": {
        "tags": ["floor"],
        "description": "Get all floor in business.",
        "summary": "Get all floor business.",
        "responses": {
          "200": {
            "description": "Ok"
          }
        }
      }
    },
    "/private/powers-api": {
      "post": {
        "tags": ["powersApi"],
        "description": "Add new power api to business.",
        "summary": "Add new power api to business.",
        "requestBody": {
          "content": {
            "application/json": {
              "schema": {
                "$ref": "#/definitions/AddPowersApiBusiness"
              }
            }
          }
        },
        "responses": {
          "200": {
            "description": "Ok"
          }
        }
      },
      "get": {
        "tags": ["powersApi"],
        "description": "Get all PowersApi.",
        "summary": "Get all PowersApi.",
        "responses": {
          "200": {
            "description": "Ok"
          }
        }
      }
    },
    "/private/powers-api/business/{businessId}": {
      "get": {
        "tags": ["powersApi"],
        "description": "Get all PowersApi in business.",
        "summary": "Get all PowersApi in business.",
        "parameters": [
          {
            "in": "path",
            "name": "businessId",
            "schema": {
              "type": "integer"
            }
          }
        ],
        "responses": {
          "200": {
            "description": "Ok"
          }
        }
      }
    },
    "/private/powers-api/role": {
      "post": {
        "tags": ["powersApi"],
        "description": "Add power to role in business.",
        "summary": "Add power to role in business.",
        "requestBody": {
          "content": {
            "application/json": {
              "schema": {
                "$ref": "#/definitions/AddPowersApiToRoleBusiness"
              }
            }
          }
        },
        "responses": {
          "200": {
            "description": "Ok"
          }
        }
      }
    },
    "/private/powers-app": {
      "post": {
        "tags": ["powersApp"],
        "description": "Add new power app to business.",
        "summary": "Add new power app to business.",
        "requestBody": {
          "content": {
            "application/json": {
              "schema": {
                "$ref": "#/definitions/AddPowersAppBusiness"
              }
            }
          }
        },
        "responses": {
          "200": {
            "description": "Ok"
          }
        }
      },
      "get": {
        "tags": ["powersApp"],
        "description": "Get all PowersApp.",
        "summary": "Get all PowersApp.",
        "responses": {
          "200": {
            "description": "Ok"
          }
        }
      }
    },
    "/private/powers-app/business/{businessId}": {
      "get": {
        "tags": ["powersApp"],
        "description": "Get all PowersApp in business.",
        "summary": "Get all PowersApp in business.",
        "parameters": [
          {
            "in": "path",
            "name": "businessId",
            "schema": {
              "type": "integer"
            }
          }
        ],
        "responses": {
          "200": {
            "description": "Ok"
          }
        }
      }
    },
    "/private/powers-app/role": {
      "post": {
        "tags": ["powersApp"],
        "description": "Add power to role in business.",
        "summary": "Add power to role in business.",
        "requestBody": {
          "content": {
            "application/json": {
              "schema": {
                "$ref": "#/definitions/AddPowersAppToRoleBusiness"
              }
            }
          }
        },
        "responses": {
          "200": {
            "description": "Ok"
          }
        }
      }
    },
    "/private/role": {
      "post": {
        "tags": ["role"],
        "description": "Add new role.",
        "summary": "Add new role.",
        "requestBody": {
          "content": {
            "application/json": {
              "schema": {
                "$ref": "#/definitions/AddRole"
              }
            }
          }
        },
        "responses": {
          "200": {
            "description": "Ok"
          }
        }
      }
    },
    "/private/roles/business/{businessId}": {
      "get": {
        "tags": ["role"],
        "description": "Get all roles in business.",
        "summary": "Get all roles in business.",
        "parameters": [
          {
            "in": "path",
            "name": "businessId",
            "schema": {
              "type": "integer"
            }
          }
        ],
        "responses": {
          "200": {
            "description": "Ok"
          }
        }
      }
    },
    "/private/room/{roomId}": {
      "delete": {
        "tags": ["room"],
        "description": "Delete room.",
        "summary": "Delete room.",
        "parameters": [
          {
            "in": "path",
            "name": "roomId",
            "schema": {
              "type": "integer"
            }
          }
        ],
        "responses": {
          "200": {
            "description": "Ok"
          },
          "401": {
            "description": "Incorrect user ID"
          }
        }
      },
      "post": {
        "tags": ["room"],
        "description": "Edit Room",
        "summary": "Edit Room",
        "parameters": [
          {
            "in": "path",
            "name": "roomId",
            "schema": {
              "type": "integer"
            }
          }
        ],
        "requestBody": {
          "content": {
            "application/json": {
              "schema": {
                "$ref": "#/definitions/EditRoom"
              }
            }
          }
        },
        "responses": {
          "200": {
            "description": "Ok"
          },
          "401": {
            "description": "Incorrect refresh token"
          }
        }
      },
      "get": {
        "tags": ["room"],
        "description": "Get Room.",
        "summary": "Get Room.",
        "parameters": [
          {
            "in": "path",
            "name": "roomId",
            "schema": {
              "type": "integer"
            }
          }
        ],
        "responses": {
          "200": {
            "description": "Ok"
          }
        }
      }
    },
    "/private/room/new": {
      "post": {
        "tags": ["room"],
        "description": "Create Room",
        "summary": "Create Room",
        "requestBody": {
          "content": {
            "application/json": {
              "schema": {
                "$ref": "#/definitions/NewRoom"
              }
            }
          }
        },
        "responses": {
          "200": {
            "description": "Ok"
          },
          "401": {
            "description": "Incorrect refresh token"
          }
        }
      }
    },
    "/private/room/business/{businessId}": {
      "get": {
        "tags": ["room"],
        "description": "Get all room in business.",
        "summary": "Get all room business.",
        "responses": {
          "200": {
            "description": "Ok"
          }
        }
      }
    },
    "/private/room/floor/{floorId}": {
      "get": {
        "tags": ["room"],
        "description": "Get all room in floor.",
        "summary": "Get all room in floor.",
        "responses": {
          "200": {
            "description": "Ok"
          }
        }
      }
    },
    "/private/room/user/add": {
      "post": {
        "tags": ["room"],
        "description": "Add User to Room",
        "summary": "Add User to Room",
        "requestBody": {
          "content": {
            "application/json": {
              "schema": {
                "$ref": "#/definitions/AddUserToRoom"
              }
            }
          }
        },
        "responses": {
          "200": {
            "description": "Ok"
          },
          "401": {
            "description": "Incorrect refresh token"
          }
        }
      }
    },
    "/private/room/user/edit": {
      "post": {
        "tags": ["room"],
        "description": "Edit User RoomMembers",
        "summary": "Edit User RoomMembers",
        "requestBody": {
          "content": {
            "application/json": {
              "schema": {
                "$ref": "#/definitions/EditUserToRoom"
              }
            }
          }
        },
        "responses": {
          "200": {
            "description": "Ok"
          },
          "401": {
            "description": "Incorrect refresh token"
          }
        }
      }
    },
    "/private/room/{roomId}/user/{userId}": {
      "delete": {
        "tags": ["room"],
        "description": "Delete room.",
        "summary": "Delete room.",
        "parameters": [
          {
            "in": "path",
            "name": "userId",
            "schema": {
              "type": "integer"
            }
          },
          {
            "in": "path",
            "name": "roomId",
            "schema": {
              "type": "integer"
            }
          }
        ],
        "responses": {
          "200": {
            "description": "Ok"
          },
          "401": {
            "description": "Incorrect user ID"
          }
        }
      }
    },
    "/private/room-type/{roomTypeId}": {
      "delete": {
        "tags": ["roomTypes"],
        "description": "Delete Room Type.",
        "summary": "Delete Room Type.",
        "parameters": [
          {
            "in": "path",
            "name": "roomTypeId",
            "schema": {
              "type": "integer"
            }
          }
        ],
        "responses": {
          "200": {
            "description": "Ok"
          },
          "401": {
            "description": "Incorrect user ID"
          }
        }
      },
      "post": {
        "tags": ["roomTypes"],
        "description": "Edit Room",
        "summary": "Edit Room",
        "parameters": [
          {
            "in": "path",
            "name": "roomTypeId",
            "schema": {
              "type": "integer"
            }
          }
        ],
        "requestBody": {
          "content": {
            "application/json": {
              "schema": {
                "$ref": "#/definitions/EditRoomType"
              }
            }
          }
        },
        "responses": {
          "200": {
            "description": "Ok"
          },
          "401": {
            "description": "Incorrect refresh token"
          }
        }
      }
    },
    "/private/room-type/new": {
      "post": {
        "tags": ["roomTypes"],
        "description": "Create Room Type",
        "summary": "Create Room Type",
        "requestBody": {
          "content": {
            "application/json": {
              "schema": {
                "$ref": "#/definitions/NewRoomType"
              }
            }
          }
        },
        "responses": {
          "200": {
            "description": "Ok"
          },
          "401": {
            "description": "Incorrect refresh token"
          }
        }
      }
    },
    "/private/room-type/{roomTypesId}": {
      "get": {
        "tags": ["roomTypes"],
        "description": "Get Room.",
        "summary": "Get Room.",
        "parameters": [
          {
            "in": "path",
            "name": "roomTypesId",
            "schema": {
              "type": "integer"
            }
          }
        ],
        "responses": {
          "200": {
            "description": "Ok"
          }
        }
      }
    },
    "/private/room-types": {
      "get": {
        "tags": ["room"],
        "description": "Get all room in business.",
        "summary": "Get all room business.",
        "responses": {
          "200": {
            "description": "Ok"
          }
        }
      }
    },
    "/private/user/{id}": {
      "delete": {
        "tags": ["user"],
        "description": "Delete user",
        "summary": "Delete user.",
        "parameters": [
          {
            "in": "path",
            "name": "id",
            "schema": {
              "type": "integer"
            }
          }
        ],
        "responses": {
          "200": {
            "description": "Ok"
          },
          "401": {
            "description": "Incorrect user ID"
          }
        }
      }
    },
    "/private/user/new": {
      "post": {
        "tags": ["user"],
        "description": "Create User",
        "summary": "Create User",
        "requestBody": {
          "content": {
            "application/json": {
              "schema": {
                "$ref": "#/definitions/NewUser"
              }
            }
          }
        },
        "responses": {
          "200": {
            "description": "Ok"
          },
          "401": {
            "description": "Incorrect refresh token"
          }
        }
      }
    },
    "/private/user/{userId}": {
      "post": {
        "tags": ["user"],
        "description": "Edit User",
        "summary": "Edit User",
        "parameters": [
          {
            "in": "path",
            "name": "userId",
            "schema": {
              "type": "integer"
            }
          }
        ],
        "requestBody": {
          "content": {
            "application/json": {
              "schema": {
                "$ref": "#/definitions/EditUser"
              }
            }
          }
        },
        "responses": {
          "200": {
            "description": "Ok"
          },
          "401": {
            "description": "Incorrect refresh token"
          }
        }
      }
    },
    "/private/user": {
      "get": {
        "tags": ["user"],
        "description": "Get user.",
        "summary": "Get user.",
        "responses": {
          "200": {
            "description": "Ok"
          }
        }
      }
    },
    "/private/user/business": {
      "get": {
        "tags": ["user"],
        "description": "Get all user business.",
        "summary": "Get all user business.",
        "responses": {
          "200": {
            "description": "Ok"
          }
        }
      }
    },
    "/logout": {
      "post": {
        "tags": ["authorization"],
        "description": "Logout user.",
        "summary": "Logout user.",
        "responses": {
          "200": {
            "description": "Ok"
          }
        }
      }
    }
  },
  "definitions": {
    "UserAuthentication": {
      "type": "object",
      "required": ["email", "password"],
      "properties": {
        "email": {
          "type": "string"
        },
        "password": {
          "type": "string"
        }
      }
    },
    "RefreshToken": {
      "type": "object",
      "required": ["refreshToken"],
      "properties": {
        "refreshToken": {
          "type": "string"
        }
      }
    },
    "SelectBusiness": {
      "type": "object",
      "required": ["businessId"],
      "properties": {
        "businessId": {
          "type": "number"
        }
      }
    },
    "AddBusiness": {
      "type": "object",
      "required": [
        "name",
        "nip",
        "country",
        "zipCode",
        "city",
        "address1",
        "address2",
        "email",
        "phoneNumber",
        "contactName",
        "contactLastName"
      ],
      "properties": {
        "name": {
          "type": "string"
        },
        "nip": {
          "type": "string"
        },
        "country": {
          "type": "string"
        },
        "zipCode": {
          "type": "string"
        },
        "city": {
          "type": "string"
        },
        "address1": {
          "type": "string"
        },
        "address2": {
          "type": "string"
        },
        "email": {
          "type": "string"
        },
        "phoneNumber": {
          "type": "string"
        },
        "contactName": {
          "type": "string"
        },
        "contactLastName": {
          "type": "string"
        },
        "license": {
          "type": "number"
        }
      }
    },
    "AddUserToBusiness": {
      "type": "object",
      "required": ["newUserId"],
      "properties": {
        "newUserId": {
          "type": "number"
        },
        "businessId": {
          "type": "number"
        },
        "roleId": {
          "type": "number"
        }
      }
    },
    "EditBusiness": {
      "type": "object",
      "properties": {
        "nip": {
          "type": "string"
        },
        "name": {
          "type": "string"
        },
        "country": {
          "type": "string"
        },
        "zipCode": {
          "type": "string"
        },
        "city": {
          "type": "string"
        },
        "address1": {
          "type": "string"
        },
        "address2": {
          "type": "string"
        },
        "email": {
          "type": "string"
        },
        "phoneNumber": {
          "type": "string"
        },
        "contactName": {
          "type": "string"
        },
        "contactLastName": {
          "type": "string"
        }
      }
    },
    "NewFloor": {
      "type": "object",
      "required": ["properties"],
      "properties": {
        "businessId": {
          "type": "number"
        },
        "properties": {
          "type": "array",
          "items": {
            "type": "integer"
          }
        }
      }
    },
    "EditFloor": {
      "type": "object",
      "required": ["profile"],
      "properties": {
        "profile": {
          "type": "array",
          "items": {
            "type": "integer"
          }
        }
      }
    },
    "AddPowersApiBusiness": {
      "type": "object",
      "properties": {
        "businessId": {
          "type": "number"
        },
        "powersApi": {
          "type": "array",
          "items": {
            "type": "number"
          }
        }
      }
    },
    "AddPowersApiToRoleBusiness": {
      "type": "object",
      "properties": {
        "businessId": {
          "type": "number"
        },
        "roleId": {
          "type": "number"
        },
        "powersApiId": {
          "type": "array",
          "items": {
            "type": "number"
          }
        }
      }
    },
    "AddPowersAppBusiness": {
      "type": "object",
      "properties": {
        "businessId": {
          "type": "number"
        },
        "powersApp": {
          "type": "array",
          "items": {
            "type": "number"
          }
        }
      }
    },
    "AddPowersAppToRoleBusiness": {
      "type": "object",
      "properties": {
        "businessId": {
          "type": "number"
        },
        "roleId": {
          "type": "number"
        },
        "powersAppId": {
          "type": "array",
          "items": {
            "type": "number"
          }
        }
      }
    },
    "AddRole": {
      "type": "object",
      "properties": {
        "businessId": {
          "type": "number"
        },
        "roleName": {
          "type": "string"
        }
      }
    },
    "NewRoom": {
      "type": "object",
      "required": [
        "floorId",
        "typesId",
        "name",
        "isSecured",
        "password",
        "coordX",
        "coordY",
        "width",
        "height",
        "rotation",
        "scale",
        "color"
      ],
      "properties": {
        "floorId": {
          "type": "integer"
        },
        "typesId": {
          "type": "integer"
        },
        "name": {
          "type": "string"
        },
        "isSecured": {
          "type": "boolean"
        },
        "password": {
          "type": "string"
        },
        "coordX": {
          "type": "number"
        },
        "coordY": {
          "type": "number"
        },
        "width": {
          "type": "number"
        },
        "height": {
          "type": "number"
        },
        "rotation": {
          "type": "number"
        },
        "scale": {
          "type": "number"
        },
        "color": {
          "type": "string"
        }
      }
    },
    "EditRoom": {
      "type": "object",
      "required": null,
      "properties": {
        "floorId": {
          "type": "integer"
        },
        "idTypes": {
          "type": "integer"
        },
        "name": {
          "type": "string"
        },
        "isSecured": {
          "type": "boolean"
        },
        "isClosed": {
          "type": "boolean"
        },
        "password": {
          "type": "string"
        },
        "coordX": {
          "type": "number"
        },
        "coordY": {
          "type": "number"
        },
        "width": {
          "type": "number"
        },
        "height": {
          "type": "number"
        },
        "rotation": {
          "type": "number"
        },
        "scale": {
          "type": "number"
        },
        "color": {
          "type": "string"
        }
      }
    },
    "AddUserToRoom": {
      "type": "object",
      "required": ["userId", "roomId", "roomRole"],
      "properties": {
        "userId": {
          "type": "integer"
        },
        "roomId": {
          "type": "integer"
        },
        "roomRole": {
          "summary": "Moderator, Manager",
          "type": "string"
        }
      }
    },
    "EditUserToRoom": {
      "type": "object",
      "required": ["userId", "roomId", "roomRole"],
      "properties": {
        "userId": {
          "type": "integer"
        },
        "roomId": {
          "type": "integer"
        },
        "roomRole": {
          "summary": "Moderator, Manager",
          "type": "string"
        }
      }
    },
    "NewRoomType": {
      "type": "object",
      "required": [
        "name",
        "maxUsersLicensed",
        "maxUsers",
        "inviteOnly",
        "hasManager",
        "hasModerators"
      ],
      "properties": {
        "name": {
          "type": "string"
        },
        "maxUsersLicensed": {
          "type": "boolean"
        },
        "maxUsers": {
          "type": "number"
        },
        "inviteOnly": {
          "type": "boolean"
        },
        "hasManager": {
          "type": "boolean"
        },
        "hasModerators": {
          "type": "boolean"
        }
      }
    },
    "EditRoomType": {
      "type": "object",
      "required": null,
      "properties": {
        "name": {
          "type": "string"
        },
        "maxUsersLicensed": {
          "type": "boolean"
        },
        "maxUsers": {
          "type": "number"
        },
        "inviteOnly": {
          "type": "boolean"
        },
        "hasManager": {
          "type": "boolean"
        },
        "hasModerators": {
          "type": "boolean"
        }
      }
    },
    "NewUser": {
      "type": "object",
      "required": [
        "email",
        "password",
        "firstName",
        "surName",
        "roleId",
        "businessId"
      ],
      "properties": {
        "email": {
          "type": "string"
        },
        "password": {
          "type": "string"
        },
        "firstName": {
          "type": "string"
        },
        "surName": {
          "type": "string"
        },
        "roleId": {
          "type": "number"
        },
        "businessId": {
          "type": "number"
        },
        "avatarImage": {
          "type": "string"
        }
      }
    },
    "EditUser": {
      "type": "object",
      "required": ["email", "firstName", "surName"],
      "properties": {
        "email": {
          "type": "string"
        },
        "firstName": {
          "type": "string"
        },
        "surName": {
          "type": "string"
        },
        "avatarImage": {
          "type": "string"
        }
      }
    }
  }
}
